{"cameraMode":{"drawMode":0,"name":"Shaded","section":"Shading Mode"},"sceneLighting":true,"audioPlay":false,"sceneViewState":{"showFog":true,"showMaterialUpdate":false,"showSkybox":true,"showFlares":true,"showImageEffects":true,"showParticleSystems":true},"in2DMode":false,"pivot":{"x":92.76277160644531,"y":53.56856155395508,"z":-18.229318618774415},"rotation":{"x":0.0755067989230156,"y":-0.9055754542350769,"z":0.18197619915008546,"w":0.37572774291038515},"size":28.80415153503418,"orthographic":false}